Card_Id,Customer_ID,Transaction_Date,Merchant,Amount,Category,City
1,907,5/17/2022,Kazu,708,Utilities,Hengtang
2,786,11/29/2023,Aivee,929,Groceries,Skellefteå
3,247,12/30/2023,Cogibox,64,Entertainment,Jubao
4,498,8/22/2022,InnoZ,540,Online Shopping,Wenquan
5,441,1/14/2024,Yotz,960,Dining,Mucllo
6,881,5/24/2024,Skinte,180,Dining,Jiyang
7,785,3/13/2023,Quaxo,936,Online Shopping,Vanves
8,919,2/25/2024,Thoughtstorm,537,Online Shopping,Merik
9,376,1/22/2022,Fivechat,3,Groceries,Zaghouan
10,762,6/24/2022,Pixonyx,679,Groceries,Nanjie
11,645,6/2/2023,Ntags,259,Dining,Hisings Kärra
12,608,1/13/2023,Twitternation,353,Dining,Béré
13,556,10/7/2022,Eazzy,307,Groceries,Bukbatang
14,932,10/16/2023,Bubblemix,535,Utilities,Ansheng
15,525,2/2/2022,Eazzy,563,Entertainment,Zhicheng
16,310,6/13/2024,Kazu,618,Travel,Kotlovka
17,420,10/31/2023,Jaxspan,45,Entertainment,Sitampiky
18,208,7/23/2024,Oozz,207,Utilities,Ban Haet
19,557,4/11/2024,Bluejam,259,Entertainment,Vila Chã do Monte
20,576,1/18/2022,Vinder,508,Dining,Zašová
21,6,8/17/2024,Blognation,866,Travel,Skara
22,826,10/7/2022,Jaxspan,35,Entertainment,Santa Helena de Goiás
23,587,9/25/2023,Shuffletag,302,Dining,Masu
24,379,7/30/2022,Gabvine,482,Entertainment,Gjøvik
25,828,11/15/2024,Dabjam,417,Online Shopping,Dalupaon
26,926,5/27/2022,Agivu,525,Utilities,Santiago
27,763,8/31/2024,Buzzster,970,Travel,Sandy Bay
28,968,8/13/2022,Fliptune,784,Groceries,San Juan de Dios
29,863,5/29/2023,Twitterwire,626,Groceries,Sypniewo
30,345,8/22/2024,Brainlounge,74,Online Shopping,Carrigtwohill
31,552,12/2/2024,Skynoodle,313,Entertainment,Oldřišov
32,184,1/17/2024,Feedmix,400,Online Shopping,Umm as Summāq
33,567,12/20/2024,Youbridge,382,Utilities,Suvorovskaya
34,74,2/12/2024,Photojam,401,Online Shopping,Shangjin
35,830,7/4/2024,Yabox,406,Dining,Buaran
36,294,5/26/2022,Wordify,783,Entertainment,Doujia
37,131,1/22/2022,Quimba,71,Online Shopping,Pniewy
38,93,11/15/2022,Jabbertype,685,Utilities,Wanareja
39,991,9/12/2022,Twitterbeat,236,Online Shopping,Suchen
40,330,11/7/2024,Tagfeed,146,Online Shopping,Casal Novo
41,805,2/2/2023,Shufflester,221,Groceries,Al Khirāb
42,508,8/17/2022,Yambee,193,Entertainment,Cirangkong
43,362,8/18/2024,Oyondu,252,Travel,Nuevo Amanecer
44,585,2/20/2024,Centizu,685,Entertainment,Kaolack
45,801,7/5/2024,Realcube,407,Dining,Grenoble
46,564,8/30/2022,Minyx,456,Travel,Gongchenqiao
47,162,11/12/2022,Mudo,178,Groceries,Ben Arous
48,45,8/16/2023,Skinder,173,Utilities,Al Khāniq
49,703,11/4/2024,Bubblemix,803,Travel,Amboise
50,802,6/28/2024,DabZ,547,Groceries,Ignacio Zaragoza
51,76,2/26/2022,Skibox,854,Groceries,Arrifes
52,671,5/16/2024,Wikizz,630,Travel,Tonekābon
53,589,1/6/2024,Yodoo,81,Entertainment,Great Neck
54,732,4/1/2024,Flashset,635,Groceries,Mojogajeh
55,884,8/14/2024,Realbuzz,985,Entertainment,Chaiyo
56,34,12/28/2022,Talane,502,Utilities,Columbus
57,910,8/6/2022,Zazio,601,Utilities,Suzhou
58,891,2/4/2024,Buzzdog,382,Entertainment,Pingshanhu
59,639,3/26/2023,Buzzdog,270,Online Shopping,Barajevo
60,315,3/31/2022,Linkbridge,77,Utilities,Dourbali
61,710,1/2/2024,Realcube,394,Dining,Inta
62,415,8/3/2023,Jaxspan,339,Dining,Pirassununga
63,121,3/26/2024,Riffpedia,44,Dining,Chaihe
64,383,1/19/2024,Realfire,199,Entertainment,Castelões
65,115,11/23/2022,Bubblemix,451,Travel,Itupeva
66,463,4/19/2024,Kayveo,818,Entertainment,Wonocoyo Utara
67,635,5/22/2023,Dablist,989,Groceries,Kristinestad
68,799,7/3/2022,Abatz,659,Entertainment,Le Port
69,708,8/20/2024,Realmix,490,Entertainment,Jose Maria Morelos
70,720,3/30/2023,Jabberstorm,505,Utilities,Darungan
71,833,1/1/2023,Twiyo,256,Dining,Bancal
72,250,11/23/2024,Rhyzio,12,Entertainment,Pustá Polom
73,104,6/17/2024,Kaymbo,576,Utilities,Wojaszówka
74,927,6/5/2022,Wikizz,842,Utilities,Gaoyao
75,771,8/1/2022,Linkbuzz,341,Entertainment,Sancang
76,849,2/16/2023,Devify,496,Dining,Umeå
77,600,4/18/2024,Devcast,143,Travel,Blawi
78,476,5/12/2024,Ntag,508,Dining,Sungaikupang
79,70,5/23/2022,Skyba,267,Online Shopping,General Belgrano
80,51,6/27/2022,Zoonder,727,Entertainment,Mboto
81,917,12/23/2023,Agivu,403,Online Shopping,El Agua Dulcita
82,300,10/17/2023,Babbleopia,832,Travel,Cilebang Satu
83,667,12/4/2024,Wikivu,508,Entertainment,San Pedro Pinula
84,584,1/19/2024,Tagcat,582,Entertainment,Smederevo
85,289,7/11/2023,Kazu,249,Online Shopping,Kunheda Woerzu Manzu
86,619,4/25/2023,Avavee,493,Travel,Kapsan-ŭp
87,560,5/2/2023,Ntag,607,Entertainment,Santo Domingo
88,650,1/12/2023,Quaxo,446,Online Shopping,Lavaltrie
89,799,7/18/2023,Muxo,367,Entertainment,Dzhankoy
90,788,4/7/2024,Bluezoom,579,Utilities,Imām Şāḩib
91,140,8/16/2023,Topicshots,632,Utilities,Vejprnice
92,351,5/7/2023,Flashdog,410,Dining,Arcueil
93,925,4/7/2022,Twinte,172,Travel,Dandai
94,957,11/29/2023,Jabbersphere,194,Dining,Srubec
95,786,1/1/2024,Flipopia,982,Travel,Kawaguchi
96,125,11/13/2024,Voomm,364,Entertainment,Vällingby
97,182,6/5/2022,Buzzbean,755,Utilities,Nakanojōmachi
98,308,2/8/2022,Zazio,117,Online Shopping,Ayapel
99,958,3/8/2022,Quimm,917,Travel,Shuiyang
100,642,7/5/2022,Meemm,236,Travel,Sampao
101,242,3/29/2023,Rhybox,496,Online Shopping,Dolna Banjica
102,628,4/20/2024,Yadel,680,Online Shopping,Nis’oni
103,93,8/18/2023,Twitternation,882,Entertainment,Las Matas de Farfán
104,122,12/31/2022,Yoveo,993,Utilities,Prínos
105,618,6/29/2024,Tagfeed,760,Groceries,Thetford-Mines
106,89,7/26/2023,Wikido,354,Groceries,Bom Jesus do Itabapoana
107,181,8/24/2024,Topicshots,775,Dining,Balrothery
108,594,1/2/2023,Fanoodle,175,Online Shopping,Osielec
109,397,9/13/2024,Zoovu,507,Online Shopping,Jankowice
110,605,5/20/2022,Youopia,235,Entertainment,Vrede
111,622,4/15/2024,Trilia,323,Online Shopping,Hannover
112,971,2/26/2022,Eamia,895,Travel,Priyutovo
113,924,2/11/2023,Wordpedia,113,Travel,Jiufang
114,751,3/28/2023,Rooxo,895,Groceries,Vysoké Mýto
115,985,4/25/2022,Yoveo,456,Entertainment,Mawlaik
116,206,8/30/2024,Riffpath,188,Dining,Palpalá
117,526,10/22/2024,Dabfeed,211,Online Shopping,Karlstad
118,676,1/5/2025,Brainsphere,911,Entertainment,Pombal
119,543,9/28/2024,Tagfeed,260,Utilities,Zhenxing
120,301,11/1/2023,Devbug,790,Groceries,Vallehermoso
121,837,11/25/2022,Youtags,732,Dining,Corredoura
122,742,1/27/2023,Lajo,854,Utilities,Kittilä
123,885,4/7/2024,BlogXS,913,Entertainment,Korczew
124,769,11/22/2023,Reallinks,335,Online Shopping,Batutua
125,404,11/12/2023,Pixonyx,857,Dining,Mor Laok
126,985,4/24/2023,Oyonder,336,Utilities,Huangben
127,778,3/23/2024,Demizz,558,Dining,Quintã
128,820,3/6/2024,Eimbee,958,Dining,Ciketak
129,954,3/5/2024,Voonte,545,Travel,Banjarwaru
130,303,4/3/2024,Youopia,328,Dining,Rosso
131,415,8/5/2022,Realmix,141,Dining,Curug
132,438,11/5/2023,Mycat,888,Travel,Myasnikyan
133,964,6/22/2024,Realcube,179,Groceries,Antsiranana
134,81,8/2/2024,Eidel,194,Travel,Krzeszów
135,406,11/14/2024,Aibox,1,Online Shopping,Sātkhira
136,853,1/13/2022,Lazz,996,Entertainment,Shanglian
137,409,5/5/2024,Twimm,566,Online Shopping,Komatsushimachō
138,257,2/21/2024,Zoombeat,194,Travel,Baoyou
139,174,10/9/2024,Podcat,106,Online Shopping,Xiangdong
140,751,10/29/2023,Yadel,499,Utilities,Birowo
141,603,7/22/2024,Thoughtworks,316,Travel,Nova Venécia
142,587,10/17/2023,Wordpedia,621,Dining,Segong
143,894,8/26/2023,Aimbu,598,Groceries,Itapicuru
144,807,5/6/2024,Photojam,697,Online Shopping,Pensacola
145,492,8/7/2024,Blogspan,765,Entertainment,Hongchang
146,607,8/31/2023,Centizu,205,Online Shopping,Józefów
147,212,5/10/2022,Vimbo,603,Dining,Tawau
148,870,9/19/2023,Skyba,925,Entertainment,El Triunfo
149,277,9/2/2022,Livetube,966,Online Shopping,Changping
150,592,2/19/2023,Meevee,18,Groceries,Lakkha Nëvre
151,720,4/7/2023,Eidel,975,Dining,Jialai
152,279,9/5/2024,Zoombox,771,Entertainment,Mtsensk
153,8,8/14/2023,Skyble,902,Travel,Kréstena
154,359,5/22/2022,Tagcat,381,Entertainment,Rosmaninhal
155,572,8/2/2023,Tanoodle,703,Travel,Kalá Déndra
156,700,12/13/2022,Youspan,372,Online Shopping,Baocun
157,794,9/11/2023,Shufflebeat,243,Entertainment,Zašová
158,465,1/7/2024,Wikivu,993,Dining,Shuangqiao
159,507,2/9/2022,Oodoo,956,Travel,Yicheng
160,520,1/6/2025,Skimia,841,Groceries,Atikokan
161,264,9/3/2024,Photospace,955,Travel,Purral
162,107,11/21/2022,Eazzy,840,Groceries,Pingshan
163,790,11/12/2024,Dabshots,461,Dining,Kintinku
164,261,11/6/2024,Realpoint,703,Entertainment,Kaminokawa
165,131,9/30/2023,Yamia,555,Groceries,Nsukka
166,631,6/5/2023,Photobug,165,Utilities,Plovdiv
167,699,1/17/2023,Ozu,85,Online Shopping,Gunungmalang Satu
168,926,9/7/2024,Thoughtstorm,305,Online Shopping,Lavradio
169,572,4/24/2023,Brightdog,213,Groceries,Melekeok Village
170,558,10/3/2024,Innotype,794,Travel,Chenfang
171,57,4/13/2022,Dynabox,825,Dining,Banjar Anyar
172,669,6/9/2024,Meevee,158,Entertainment,Pulap
173,10,6/8/2022,Browseblab,423,Utilities,Býšť
174,551,1/25/2022,Cogidoo,574,Groceries,Bousso
175,787,10/28/2023,Quaxo,572,Dining,Slatyne
176,378,6/16/2022,Voonte,667,Travel,Yeghegnut
177,525,4/9/2024,Topicware,796,Travel,Az Zaytūnīyah
178,884,12/14/2023,Youtags,77,Online Shopping,Svatava
179,747,12/26/2022,Twimm,61,Dining,Nueve de Julio
180,407,3/21/2022,Edgeclub,705,Online Shopping,Yinghua
181,910,10/19/2024,Roombo,575,Utilities,Santa Cruz
182,522,5/10/2024,Devcast,827,Travel,Takedamachi
183,261,10/10/2022,Thoughtbeat,516,Entertainment,Barusuda
184,28,5/10/2022,Riffpath,267,Dining,Aianí
185,212,9/26/2022,Skaboo,11,Utilities,Peukanbada
186,699,5/19/2024,Tambee,664,Travel,Nansan
187,152,1/24/2023,Thoughtmix,965,Groceries,Dzerzhinskiy
188,63,4/15/2022,Voolith,397,Online Shopping,São Mamede
189,784,10/16/2022,Wikido,250,Travel,Stockholm
190,862,6/20/2024,Meejo,718,Dining,Tabia
191,44,5/13/2024,Eire,349,Online Shopping,San Juan Pueblo
192,27,3/31/2022,Yozio,505,Online Shopping,Morazán
193,243,8/14/2022,Yodel,988,Entertainment,Belica
194,9,11/18/2022,Livepath,791,Entertainment,Séléa
195,955,6/16/2022,Gabtype,833,Groceries,Krasnogorodskoye
196,311,6/1/2023,Voonte,437,Online Shopping,Shiree
197,556,1/14/2022,Skaboo,963,Utilities,"Coruña, A"
198,180,10/8/2022,Devpulse,563,Online Shopping,Longquan
199,689,6/12/2023,Topicware,840,Groceries,Mina de São Domingos
200,809,10/26/2023,Brainverse,972,Travel,Xiangqiao
201,559,10/13/2023,Topdrive,39,Travel,Pakusari
202,372,6/12/2023,Riffwire,464,Travel,Zhuli
203,265,9/24/2023,Talane,693,Dining,Pyay
204,211,7/8/2023,BlogXS,122,Entertainment,Nerk’in Getashen
205,708,12/5/2022,Rhycero,586,Online Shopping,Xihuachi
206,574,2/16/2023,Roodel,691,Dining,Manhuaçu
207,304,5/21/2022,Dabtype,369,Travel,Kokagax
208,89,5/1/2022,Tanoodle,583,Groceries,Fengmen
209,562,5/6/2024,Roomm,29,Travel,South Bend
210,677,4/2/2022,Ntag,469,Dining,Vårdö
211,680,7/11/2024,Skyba,993,Online Shopping,La Libertad
212,563,2/12/2024,Realblab,643,Groceries,Sparwood
213,672,1/24/2022,Dablist,874,Utilities,Summerland
214,344,9/10/2024,Centimia,154,Travel,Malanów
215,755,2/23/2023,Skipfire,851,Groceries,Leksand
216,509,4/27/2024,Digitube,507,Travel,Seongnam-si
217,951,6/15/2022,Zoomdog,502,Groceries,Rochester
218,963,5/13/2022,Eare,431,Entertainment,Soutinho
219,611,5/11/2022,Roombo,351,Online Shopping,Saparbay
220,97,5/4/2024,Twinder,748,Utilities,Rząśnik
221,151,8/22/2024,Dynabox,561,Online Shopping,Dongzhou
222,380,10/23/2022,Oozz,405,Groceries,Yashalta
223,829,3/24/2024,Youspan,402,Dining,Kudymkar
224,677,9/9/2022,Twimm,920,Entertainment,Trawniki
225,358,4/20/2023,Yodel,967,Dining,Erími
226,486,9/26/2024,Voonte,444,Groceries,San Agustin
227,351,8/3/2023,Realpoint,899,Entertainment,Shorko
228,853,7/4/2024,Npath,795,Travel,Mailsi
229,647,5/28/2024,Yodoo,408,Online Shopping,Granada
230,482,7/6/2024,BlogXS,713,Entertainment,Houston
231,769,7/20/2022,Tekfly,694,Entertainment,Pruszcz
232,1,5/5/2024,Roodel,26,Entertainment,Pinheiro
233,674,9/7/2023,Muxo,431,Utilities,Saltsjö-Boo
234,318,6/30/2024,Tagcat,470,Dining,Fort-de-France
235,950,1/8/2023,Meemm,211,Travel,Kanginan
236,58,10/3/2023,Edgeify,397,Dining,Jibu Hulangtu
237,26,1/21/2022,Snaptags,982,Dining,Hrtkovci
238,445,4/24/2024,Brainbox,185,Utilities,Sherpur
239,912,6/30/2024,Youopia,454,Utilities,Kunri
240,872,10/8/2022,Camimbo,575,Dining,Bílovec
241,955,8/22/2023,Realpoint,432,Utilities,Changyŏn
242,51,9/4/2024,Mybuzz,265,Travel,Fuyo
243,593,9/13/2024,Roomm,582,Groceries,Ji Paraná
244,77,3/8/2022,Bubbletube,988,Online Shopping,Perzów
245,296,5/20/2024,Izio,101,Travel,Venilale
246,189,3/12/2022,Jabbercube,552,Groceries,Montelíbano
247,558,5/31/2022,Latz,542,Online Shopping,Kujang
248,300,11/26/2022,Kare,177,Utilities,Kolaka
249,776,2/8/2023,Twitternation,600,Travel,Beaumont
250,32,9/27/2022,Feedfire,911,Groceries,Chai Nat
251,230,2/1/2024,Zoombox,321,Entertainment,Barranqueras
252,254,9/20/2024,Meeveo,911,Online Shopping,Quillota
253,450,9/24/2023,Tagfeed,880,Groceries,Luohe
254,4,7/16/2023,Innotype,717,Online Shopping,Zudun
255,92,5/13/2022,Mycat,745,Online Shopping,Yishui
256,453,8/16/2022,Ozu,554,Entertainment,Jelat
257,447,8/6/2023,Blogtags,648,Utilities,Mỹ Tho
258,186,9/4/2023,Myworks,960,Dining,Boleszkowice
259,108,11/5/2023,Twitterworks,934,Utilities,Aba
260,846,11/28/2024,Eidel,157,Utilities,Mariestad
261,293,5/14/2024,Riffwire,109,Utilities,Ariquemes
262,747,9/30/2024,Einti,423,Entertainment,Lyubotyn
263,363,2/3/2024,Blogspan,318,Entertainment,Monte Santo de Minas
264,964,1/27/2022,Livetube,849,Groceries,Luniao
265,782,5/5/2022,Livetube,126,Travel,Huangrangping
266,867,9/14/2024,Rhybox,213,Groceries,Ciechanowiec
267,718,10/23/2022,JumpXS,907,Online Shopping,Riversdale
268,142,9/29/2024,Abatz,367,Online Shopping,Rennes
269,477,2/19/2022,Skinder,773,Travel,Pewel Wielka
270,484,9/26/2022,Bubblebox,776,Utilities,Tekes
271,639,10/29/2022,Thoughtbridge,63,Dining,Vylkove
272,530,1/3/2025,Meevee,71,Entertainment,Renhe
273,682,8/25/2024,Tagchat,257,Entertainment,Yāsūf
274,61,12/29/2024,Topicware,962,Dining,Hanghuadian
275,564,1/20/2023,Skimia,804,Travel,Jitan
276,98,11/8/2024,Skinte,70,Groceries,Novoderevyankovskaya
277,820,1/4/2022,Agivu,710,Groceries,Shūkat aş Şūfī
278,813,7/1/2023,Wordify,493,Groceries,Catumbela
279,770,10/13/2023,Gabcube,641,Travel,Pantin
280,580,3/21/2023,Dazzlesphere,33,Entertainment,Chişinău
281,492,3/25/2024,Realmix,19,Travel,Sampagar
282,582,5/1/2023,Zoombeat,782,Travel,Loma Bonita
283,939,2/28/2023,Minyx,736,Travel,Gråbo
284,411,7/6/2022,Rhynoodle,252,Entertainment,Monchegorsk
285,198,12/21/2024,Tanoodle,162,Utilities,Bangshipu
286,377,2/2/2023,Jaxnation,72,Utilities,Dacheng
287,18,10/30/2024,Yadel,586,Travel,La Tinguiña
288,821,10/30/2024,Leexo,183,Dining,Cikeper
289,322,3/28/2022,Topiczoom,889,Travel,Ventersdorp
290,337,4/12/2023,BlogXS,396,Groceries,Sirnasari
291,821,10/10/2023,Feedmix,912,Dining,Racławice
292,98,3/4/2024,Digitube,151,Online Shopping,München
293,211,7/22/2022,Aibox,557,Utilities,Grati Satu
294,687,8/26/2023,Omba,691,Travel,Khorinsk
295,550,4/12/2023,Brainsphere,690,Dining,Oeiras
296,321,5/19/2023,Demimbu,119,Entertainment,Sarreguemines
297,82,7/16/2023,Myworks,791,Online Shopping,Lubień Kujawski
298,747,5/5/2023,Gabspot,203,Utilities,Psará
299,625,10/3/2023,Eimbee,174,Groceries,Oslo
300,807,8/1/2022,Innotype,148,Entertainment,Wonopringgo
301,110,4/25/2023,Bluejam,309,Utilities,Rembes
302,937,6/12/2023,Kayveo,854,Online Shopping,Bang Nam Priao
303,340,12/9/2023,Vinte,989,Entertainment,Nice
304,461,4/14/2022,Skyba,474,Online Shopping,Anbyŏn-ŭp
305,296,5/31/2022,Quatz,463,Travel,Mingshan
306,835,11/14/2022,Rhyloo,703,Dining,Osby
307,292,4/3/2024,Yotz,483,Entertainment,Boluo
308,51,5/16/2022,Brightdog,141,Utilities,Gastello
309,542,8/5/2024,Mynte,89,Groceries,Boguchwała
310,166,12/13/2024,Realbuzz,685,Dining,Shilovo
311,144,11/30/2022,Brainverse,867,Travel,Ampasimanolotra
312,269,6/18/2022,Babbleset,825,Utilities,Chamical
313,678,6/30/2024,Realbuzz,660,Entertainment,Qulai
314,381,11/22/2022,Browsecat,67,Dining,Al Wardānīn
315,214,4/23/2024,Thoughtsphere,641,Utilities,Kakamigahara
316,557,8/23/2024,Yata,287,Groceries,San Pedro
317,120,3/4/2022,Fliptune,612,Travel,Amorim
318,699,12/26/2023,Myworks,117,Online Shopping,Wichita
319,824,1/20/2024,Jetpulse,359,Entertainment,Albergaria
320,460,8/23/2023,Jayo,457,Utilities,Wuyang
321,312,1/31/2023,Buzzbean,129,Groceries,Vale Covo
322,704,7/14/2022,Bluezoom,45,Dining,Sipirok
323,834,3/15/2022,Gigashots,368,Entertainment,Murcia
324,520,2/19/2023,Kayveo,336,Utilities,Luna
325,343,3/18/2023,Zoombeat,35,Utilities,Kampungbajo
326,988,4/25/2024,Wordware,313,Online Shopping,Conel
327,828,5/23/2022,Jaxspan,223,Dining,Zadvorsko
328,345,11/11/2024,Meeveo,908,Entertainment,Rakhmanovo
329,798,10/31/2024,Skiptube,139,Travel,Bradag
330,463,1/19/2022,Voomm,25,Utilities,Aniso
331,165,2/10/2023,Browsedrive,457,Entertainment,Lobitos
332,711,11/7/2022,Browsecat,287,Travel,Nandong
333,946,10/20/2023,Dynabox,204,Online Shopping,Sayán
334,600,12/25/2023,Agimba,802,Dining,San Fernando del Valle de Catamarca
335,694,10/10/2024,Wikizz,279,Online Shopping,Padurung
336,140,4/29/2022,Mydeo,387,Online Shopping,Cravinhos
337,915,3/14/2024,Brainlounge,781,Groceries,Laliki
338,294,9/16/2022,Zava,440,Groceries,Yangsi
339,400,9/11/2022,Trudeo,763,Groceries,Otyniya
340,12,7/14/2024,Avavee,330,Utilities,Odessa
341,309,5/10/2023,Edgeblab,551,Dining,Baton Rouge
342,210,1/13/2022,Trudeo,192,Entertainment,Ngrambitan
343,78,10/27/2022,Muxo,218,Entertainment,Tabuc Pontevedra
344,423,3/3/2024,Rhycero,215,Online Shopping,Guoyuan
345,923,4/3/2022,Buzzdog,252,Groceries,Sultan Kudarat
346,718,5/5/2024,Youfeed,69,Dining,Santa Maria
347,311,1/18/2024,Bubbletube,604,Dining,Liudu
348,569,11/7/2023,Ozu,752,Entertainment,Penelas
349,98,6/10/2023,Topicshots,899,Entertainment,Banjaranyar
350,47,11/22/2024,Realmix,874,Groceries,Chayek
351,481,10/30/2022,Fivechat,707,Entertainment,Goma
352,60,1/27/2023,Gabspot,823,Entertainment,Rennes
353,916,1/16/2022,Feedspan,196,Travel,Nova Prata
354,450,3/12/2024,Tagcat,218,Online Shopping,Thị Trấn Yên Thịnh
355,662,12/2/2023,Mybuzz,38,Entertainment,Dapdapan
356,364,10/19/2022,Thoughtblab,237,Online Shopping,Wanju
357,377,1/2/2025,Eazzy,807,Travel,Jaraguá
358,225,12/5/2023,Linkbuzz,62,Groceries,Las Vegas
359,679,12/4/2022,Mita,848,Groceries,Pagelaran
360,207,3/11/2024,Devcast,357,Travel,Västerås
361,3,8/29/2024,Fatz,172,Dining,Xilópolis
362,781,1/23/2023,Youspan,491,Groceries,Nakhon Pathom
363,877,11/5/2024,Trunyx,469,Online Shopping,San Jose
364,668,12/15/2024,Zoomlounge,869,Dining,Dijon
365,630,2/12/2023,Thoughtmix,916,Utilities,Kaoshan
366,366,7/10/2022,Yambee,701,Entertainment,Khāsh
367,966,10/15/2024,Thoughtbridge,17,Entertainment,Lidingö
368,59,2/14/2024,Cogidoo,633,Dining,Culianin
369,329,7/8/2023,Edgeclub,900,Entertainment,Ilihan
370,471,6/24/2022,Kayveo,21,Travel,Peicheng
371,826,11/30/2023,Lazzy,130,Online Shopping,Macau
372,789,10/26/2022,Babblestorm,123,Travel,Villarrica
373,221,8/16/2024,Fivechat,813,Travel,Paris 13
374,974,9/28/2023,Zoovu,510,Online Shopping,Bystré
375,406,4/22/2023,Demimbu,197,Utilities,Ljubno ob Savinji
376,857,2/23/2023,Kazu,313,Utilities,Linköping
377,5,7/19/2023,Trilith,286,Dining,Jiangnan
378,267,1/9/2022,Kayveo,458,Groceries,Le Mans
379,887,3/1/2023,Avaveo,628,Utilities,Svalöv
380,481,11/25/2024,Feedbug,865,Utilities,Girang
381,24,7/24/2024,Eimbee,832,Entertainment,Skála
382,691,7/22/2022,Gigabox,613,Groceries,Nkpor
383,611,6/12/2022,Dabtype,852,Travel,Dongxiaokou
384,918,11/1/2022,Topicshots,553,Entertainment,Tor
385,795,10/11/2022,Buzzshare,438,Entertainment,Muslyumovo
386,276,1/7/2023,Browsebug,199,Online Shopping,Anilao
387,41,6/30/2024,Kaymbo,106,Utilities,Herrljunga
388,77,11/18/2024,Buzzbean,225,Dining,Caçador
389,309,1/25/2024,Skivee,761,Entertainment,North Vancouver
390,634,5/14/2022,Vinte,405,Online Shopping,Kitahiroshima
391,377,1/12/2022,Thoughtbeat,770,Utilities,Leńcze
392,654,8/24/2023,Fatz,101,Entertainment,Babagan
393,50,8/8/2022,Thoughtblab,7,Online Shopping,Muarabuliti
394,970,9/6/2024,Kimia,526,Entertainment,Renhe
395,164,9/10/2023,Miboo,143,Utilities,Bemposta
396,404,9/24/2023,Linkbuzz,76,Travel,Panjing
397,189,12/27/2022,Vipe,903,Online Shopping,Verdizela
398,720,4/23/2023,Jayo,129,Dining,Sundumbili
399,644,5/17/2024,Skalith,701,Groceries,Araras
400,107,12/7/2022,Blognation,514,Travel,Galis
401,780,8/1/2023,Omba,282,Groceries,Trondheim
402,607,3/28/2023,Vinte,300,Entertainment,Chirkey
403,969,3/21/2023,Skajo,882,Travel,Paradise
404,872,1/27/2023,Devpulse,279,Dining,Wadeng
405,520,8/21/2022,Einti,705,Entertainment,Santa Fe de la Vera Cruz
406,70,11/25/2023,Quamba,31,Travel,Taraan
407,183,3/22/2022,Zoonoodle,982,Travel,Bajiao
408,257,9/22/2024,Skyndu,226,Entertainment,Lebowakgomo
409,627,6/19/2023,Avamm,850,Utilities,Benito Juarez
410,607,5/14/2024,Buzzbean,749,Dining,Kimje
411,251,1/24/2024,Twitterbeat,248,Dining,Nizhniye Achaluki
412,73,7/28/2023,Trudeo,796,Dining,Bogandinskiy
413,473,10/29/2022,Minyx,361,Entertainment,Bukedea
414,527,4/30/2024,Wordify,182,Online Shopping,Taiyang
415,935,5/8/2023,Ooba,147,Entertainment,Paritaman
416,53,11/18/2022,Skinte,834,Entertainment,Licheng
417,471,2/27/2024,Thoughtbeat,791,Entertainment,Ferdinandovac
418,59,11/15/2022,Gigazoom,966,Dining,Saint-Pierre
419,44,7/10/2024,Bluejam,595,Travel,Tokarnia
420,22,6/25/2024,Wordify,854,Dining,San Patricio
421,819,4/11/2023,Yodel,933,Entertainment,Novopavlovsk
422,832,3/20/2022,Flashspan,348,Dining,Shouxihu
423,745,3/1/2022,Rhynoodle,502,Travel,Vällingby
424,565,5/16/2022,Twitterworks,522,Travel,Coasa
425,991,6/15/2024,Vipe,4,Groceries,Vagos
426,875,7/26/2022,Buzzster,685,Online Shopping,Ouésso
427,960,8/5/2024,Aivee,936,Groceries,Dong’an
428,801,6/9/2022,Linkbridge,287,Travel,Guanabacoa
429,530,11/21/2024,Rhycero,941,Online Shopping,Yekaterinovka
430,907,8/14/2022,Roomm,744,Travel,Duyanggang
431,151,12/22/2024,Zoovu,692,Online Shopping,Nonoichi
432,627,8/1/2023,Skyvu,295,Travel,Bailang
433,637,11/21/2023,Leenti,606,Online Shopping,Medianeira
434,577,1/13/2023,Meedoo,881,Online Shopping,Faḩmah
435,269,8/5/2024,Innotype,474,Online Shopping,Clearwater
436,961,8/14/2022,Digitube,544,Travel,Anka
437,600,12/11/2023,Devpulse,537,Online Shopping,Berlin
438,737,11/10/2022,Flashset,676,Online Shopping,Huangjindong
439,346,1/13/2022,Tazzy,84,Dining,Toyonaka
440,266,7/30/2022,Skibox,435,Dining,Cerna
441,891,7/16/2024,Ainyx,569,Groceries,Essen
442,545,1/12/2023,Fivebridge,341,Online Shopping,Los Ángeles
443,889,9/27/2022,Snaptags,537,Utilities,Marolambo
444,21,11/18/2022,Eadel,290,Online Shopping,Ochobo
445,441,9/11/2022,Nlounge,661,Groceries,Oskarshamn
446,604,8/7/2023,Skynoodle,604,Groceries,Pampas
447,374,10/11/2024,Livetube,167,Dining,Polel Diaoubé
448,807,3/12/2022,Centizu,123,Dining,Pantenan
449,26,8/2/2023,Roombo,500,Online Shopping,Hanjiashu
450,220,1/30/2024,Oyondu,741,Travel,Prantaan
451,257,10/27/2022,Tagtune,252,Online Shopping,Štore
452,4,3/28/2024,Aibox,368,Online Shopping,Dlemer
453,131,4/17/2022,JumpXS,372,Dining,Resapombo
454,153,3/2/2024,Myworks,254,Utilities,Mpophomeni
455,685,7/12/2024,Zoombox,942,Entertainment,Mahaplag
456,993,4/22/2023,Twimm,143,Online Shopping,Vecumnieki
457,46,2/5/2024,Dabtype,967,Utilities,Kodyma
458,4,4/17/2022,Quatz,365,Groceries,Krajan Tengah
459,445,4/20/2023,Quamba,419,Travel,Pamupukan
460,328,7/10/2024,Mynte,362,Entertainment,Vanderbijlpark
461,957,3/11/2022,Buzzster,451,Utilities,Guadalupe
462,741,1/21/2024,Eamia,304,Utilities,Sūq Sibāḩ
463,808,10/5/2023,Wordware,594,Groceries,Las Palmas
464,76,4/23/2022,Topicshots,578,Travel,Pasirreungit
465,781,11/7/2024,Demimbu,72,Dining,Pasarbaru
466,323,2/2/2023,Jaxworks,284,Utilities,Jiangpan
467,711,6/4/2023,Livetube,207,Online Shopping,Kedungcangkring
468,628,12/9/2024,Yakidoo,611,Online Shopping,Ambohitseheno
469,543,7/5/2022,Thoughtmix,828,Dining,Bachowice
470,968,7/28/2023,Thoughtbeat,463,Groceries,Persen
471,620,4/20/2023,Kwinu,106,Online Shopping,Sanxi
472,182,10/8/2024,Meevee,426,Utilities,Twante
473,584,8/15/2022,Skipfire,105,Groceries,Caigangan
474,386,5/26/2024,Oodoo,1000,Travel,Vacoas
475,789,12/4/2023,Twitterworks,512,Travel,Zhetang
476,389,1/8/2024,Browsecat,44,Entertainment,Sankwia
477,943,8/25/2024,Yamia,425,Dining,Kalipare
478,510,10/24/2024,Edgeblab,122,Entertainment,Petoa
479,399,9/8/2024,Kanoodle,271,Travel,Huiwan
480,739,8/29/2024,Zoovu,610,Dining,Birštonas
481,725,4/26/2022,Meemm,23,Online Shopping,Ningyuan
482,775,7/9/2022,Chatterpoint,990,Dining,Kanganpur
483,481,2/25/2024,Topicstorm,476,Online Shopping,Cimuncang
484,477,3/23/2024,Camido,307,Dining,Zawiya
485,136,6/29/2023,Rhybox,684,Entertainment,Vidago
486,148,8/13/2023,Eidel,762,Entertainment,Kourou
487,874,10/15/2024,Flashspan,267,Dining,El Socorro
488,492,2/5/2022,Quamba,252,Groceries,Sumbergedong
489,781,8/26/2024,Babbleset,206,Travel,Grazhdanka
490,875,7/20/2023,Babblestorm,563,Entertainment,Tunguang
491,163,5/23/2024,Twitterbridge,558,Utilities,Yujin
492,1,12/7/2024,Thoughtmix,515,Online Shopping,Tomsk
493,72,1/18/2023,Fivechat,690,Online Shopping,Noginsk
494,571,1/9/2023,Trudoo,688,Online Shopping,Fortuna
495,649,3/28/2023,Skyndu,740,Travel,Xishan
496,637,8/3/2024,Bubblemix,994,Dining,Shanlian
497,757,6/4/2024,Layo,915,Entertainment,Sapporo
498,227,3/30/2023,Topiclounge,10,Dining,Kedungtulup
499,850,4/24/2023,Devcast,908,Entertainment,Donghu
500,123,7/9/2024,Skaboo,923,Dining,Asíni
501,316,10/29/2022,Flashspan,337,Dining,Kediri
502,755,2/24/2023,Bluejam,130,Entertainment,Clogherhead
503,779,12/30/2022,Jaxbean,29,Utilities,Kamyshin
504,791,8/18/2023,Youbridge,193,Entertainment,Kebonbencoy
505,337,5/23/2022,Yata,844,Utilities,Embalse
506,28,5/3/2023,Youspan,804,Dining,Muxagata
507,243,5/7/2023,Skiptube,328,Travel,Nanzhen
508,598,6/19/2024,Viva,219,Online Shopping,Mojoagung
509,724,11/11/2024,Voonix,202,Groceries,Pitogo
510,360,7/11/2024,Avamba,346,Utilities,Novyy Oskol
511,318,6/9/2023,Thoughtstorm,84,Online Shopping,Vidago
512,407,10/2/2023,Eabox,109,Dining,Mozelos
513,123,6/15/2022,Tagchat,245,Online Shopping,Oenam
514,135,5/26/2023,Cogilith,141,Dining,Dvurechensk
515,494,12/3/2023,Buzzshare,366,Groceries,Qilong
516,199,10/1/2022,Bluejam,39,Entertainment,Hāla
517,104,2/10/2023,Meejo,326,Entertainment,Wenping
518,525,10/7/2024,Jetwire,576,Groceries,Leńcze
519,626,1/2/2025,Jaxworks,477,Travel,Bayt Yāshūţ
520,519,9/23/2023,Flashset,258,Dining,Oke Ila
521,492,4/1/2024,Reallinks,22,Utilities,Złotniki Kujawskie
522,997,10/19/2022,Vinte,746,Utilities,Bududa
523,519,12/5/2023,Browsetype,735,Utilities,Lauro de Freitas
524,582,12/6/2023,Skinder,679,Dining,Shofirkon
525,553,3/9/2022,Izio,516,Utilities,Sztum
526,533,7/20/2024,Zazio,487,Entertainment,Bolaoit
527,103,7/8/2022,Topicware,620,Travel,São Mateus
528,319,8/23/2024,Trilia,126,Online Shopping,Sacramento
529,307,5/15/2023,Jetwire,418,Dining,Kokkinóchoma
530,80,12/10/2023,Nlounge,675,Entertainment,Menzel Bourguiba
531,636,7/9/2024,Rhybox,827,Utilities,Lipiany
532,858,8/27/2023,Abatz,734,Utilities,Ust’-Koksa
533,511,10/3/2023,Skimia,254,Dining,Pedro Leopoldo
534,347,10/17/2022,Trilia,211,Travel,Portachuelo
535,495,5/26/2024,Yambee,352,Groceries,Talayan
536,645,9/28/2022,Skibox,269,Dining,Krasnyy Profintern
537,596,5/6/2023,Skimia,294,Utilities,Tonggoh
538,207,2/4/2023,Demizz,105,Dining,Wuqu
539,743,5/15/2024,Buzzdog,632,Entertainment,Örebro
540,279,10/16/2023,Aimbo,606,Dining,Busungbiu
541,857,8/10/2022,Feedmix,482,Utilities,Lučko
542,399,11/6/2022,Livefish,817,Entertainment,Naivasha
543,702,4/30/2023,Divape,341,Travel,Muruni
544,166,9/16/2024,Meedoo,932,Online Shopping,Spas’ke
545,742,8/24/2022,Zoomcast,39,Travel,La Guata
546,667,6/22/2024,Plambee,142,Travel,Akita
547,742,12/14/2024,Topiczoom,316,Utilities,Vittoriosa
548,632,1/1/2025,Agivu,211,Utilities,Deauville
549,653,7/5/2023,Babbleset,769,Groceries,Shixiang
550,880,11/7/2022,Podcat,752,Travel,Rakek
551,417,5/11/2023,Skinder,244,Dining,Koani Ndogo
552,138,5/23/2023,Skimia,444,Online Shopping,Ribas do Rio Pardo
553,594,11/17/2023,Vidoo,376,Dining,Aguas Verdes
554,661,8/2/2024,Browsezoom,187,Online Shopping,Anzhero-Sudzhensk
555,437,6/4/2024,Eabox,691,Utilities,Yantan
556,422,11/1/2024,Yakijo,813,Utilities,Zheleznodorozhnyy
557,28,10/30/2023,Linktype,12,Travel,Kertosari
558,289,9/4/2023,Zoomdog,20,Online Shopping,Rancamaya
559,324,3/6/2023,Buzzdog,405,Groceries,Gros Morne
560,683,10/24/2022,Voolith,611,Online Shopping,Les Abymes
561,843,5/21/2022,Tagchat,514,Travel,Yōkaichiba
562,8,9/22/2024,Voomm,41,Groceries,Ea Drăng
563,983,3/23/2022,Trudoo,29,Travel,Pondokkaha Kelod
564,287,9/27/2024,Wikibox,214,Online Shopping,Zwierzyń
565,723,2/18/2024,Podcat,554,Dining,Iwierzyce
566,189,3/7/2024,Edgepulse,652,Groceries,Ostrogozhsk
567,237,11/4/2024,Devpulse,791,Travel,Vierzon
568,817,7/30/2024,Jazzy,82,Entertainment,Calingcuan
569,595,9/13/2023,Zooveo,463,Groceries,Xiadahe
570,69,12/29/2022,Plajo,264,Travel,Belén Gualcho
571,554,4/3/2024,Mydo,994,Dining,Novo
572,981,5/19/2023,Yombu,539,Entertainment,Ourinhos
573,81,5/19/2022,Zoomcast,525,Entertainment,Yuci
574,944,3/8/2022,Yamia,862,Travel,São José dos Pinhais
575,559,6/22/2024,Roombo,633,Utilities,Gjinoc
576,296,9/8/2024,Ailane,282,Groceries,Shinao
577,876,1/8/2025,Devshare,759,Travel,Ribeirinha
578,539,11/29/2023,Oloo,323,Utilities,Pärnu-Jaagupi
579,92,7/7/2024,Tambee,261,Travel,Qiandeng
580,575,2/18/2023,Tagopia,404,Entertainment,Mubi
581,602,7/29/2024,Oloo,274,Dining,Sundbyberg
582,264,9/16/2024,Eare,412,Groceries,Katyr-Yurt
583,239,4/4/2024,Skibox,801,Dining,Toyós
584,691,6/13/2023,Centidel,680,Utilities,Sarov
585,450,10/11/2023,Eayo,770,Online Shopping,Sharga
586,934,12/19/2022,Browsezoom,708,Entertainment,Erada
587,824,3/28/2023,Kaymbo,526,Dining,Mosjøen
588,604,9/7/2023,Shufflester,408,Entertainment,Niterói
589,80,7/20/2022,Kaymbo,458,Travel,Pazin
590,77,8/17/2022,Chatterbridge,117,Online Shopping,Dengyue
591,165,5/5/2022,Thoughtbridge,324,Travel,Pavino
592,843,8/28/2024,DabZ,260,Online Shopping,Houston
593,458,8/4/2024,Zoomzone,322,Travel,La Tuque
594,689,2/27/2022,Roodel,772,Groceries,Parral
595,180,5/4/2023,Photolist,223,Travel,Luna
596,558,3/8/2023,Flashset,379,Groceries,Winduraja
597,768,10/8/2023,Skilith,415,Online Shopping,Miami
598,986,12/1/2022,Yakidoo,492,Utilities,Shpola
599,421,6/7/2022,Topdrive,700,Utilities,Nurlat
600,728,4/21/2022,Divanoodle,122,Entertainment,Palestina
601,234,6/1/2022,Quinu,640,Travel,Kabalen
602,346,8/28/2023,Digitube,170,Dining,Molave
603,214,5/29/2023,Fiveclub,844,Online Shopping,Nicosia
604,376,1/23/2024,Tagopia,391,Groceries,Zghartā
605,819,9/21/2023,Twinder,188,Groceries,Kumalarang
606,244,10/23/2024,Demizz,885,Online Shopping,Trieste
607,422,6/6/2022,Edgepulse,745,Groceries,Okuta
608,407,8/7/2022,Layo,336,Travel,Chinhoyi
609,69,5/10/2024,Quinu,72,Utilities,Gaotian
610,854,4/19/2024,Zoomzone,315,Travel,Wangping
611,820,11/17/2022,Shuffletag,650,Utilities,Gavarr
612,94,12/22/2022,Photofeed,123,Travel,Tangyin
613,350,3/25/2023,Chatterpoint,137,Utilities,Farranacoush
614,254,7/5/2023,Linktype,722,Utilities,Nice
615,972,4/18/2023,Browsezoom,904,Utilities,Bukui
616,910,12/1/2024,Voolia,276,Groceries,Bánov
617,698,9/9/2023,Buzzdog,17,Entertainment,Söderhamn
618,947,8/25/2022,Skaboo,229,Online Shopping,Puwa
619,885,7/31/2023,Skalith,390,Groceries,Wugong
620,690,9/26/2023,Babbleblab,919,Travel,Taobei
621,340,2/27/2024,Quinu,708,Groceries,Broumov
622,232,6/11/2024,Realcube,397,Entertainment,Soukkouma
623,761,5/15/2023,Youspan,249,Travel,Beixin
624,210,1/5/2025,Roombo,427,Online Shopping,Lucé
625,477,5/3/2023,Nlounge,909,Online Shopping,Pittsburgh
626,641,4/13/2024,Youtags,651,Entertainment,Ramaram
627,430,12/29/2024,Linkbuzz,640,Travel,San Pedro
628,621,12/1/2024,Tagcat,993,Travel,Herrljunga
629,90,6/23/2024,Flashdog,459,Utilities,Suḩayl Shibām
630,110,12/3/2024,Dynabox,621,Dining,Kuala Tuha
631,919,11/11/2022,Meetz,580,Utilities,Botoh
632,3,10/19/2023,Voonix,179,Travel,Blučina
633,933,12/3/2024,Zazio,705,Online Shopping,Gävle
634,399,5/1/2022,Lazz,184,Online Shopping,Beidu
635,36,11/24/2022,Gabtype,420,Travel,Tost
636,201,10/30/2024,Feednation,324,Dining,Tisno
637,624,4/28/2024,Geba,444,Online Shopping,Hantsport
638,642,8/22/2023,Gabspot,4,Travel,Fulnek
639,485,12/25/2022,Skinte,127,Utilities,Vuka
640,730,10/12/2024,Blogtag,598,Travel,Zhongguan
641,987,12/27/2023,Dynazzy,127,Travel,Visby
642,988,9/27/2024,Innotype,994,Entertainment,Zábřeh
643,672,1/13/2024,Abatz,505,Online Shopping,Mosopa
644,915,2/2/2024,Tambee,778,Utilities,Nankun
645,663,1/23/2024,Skipfire,364,Groceries,Talun
646,280,2/12/2023,Skipstorm,677,Utilities,Izhmorskiy
647,513,12/27/2024,Bubblemix,867,Travel,Dapchi
648,961,1/4/2022,LiveZ,299,Utilities,Tân Kỳ
649,57,3/4/2023,Photospace,878,Dining,Shangma
650,844,3/16/2024,Realcube,597,Dining,Wuquan
651,818,2/9/2022,Livefish,607,Travel,Anau
652,938,3/27/2022,Avamm,329,Online Shopping,Puente Nacional
653,995,2/25/2022,Izio,37,Dining,Maclear
654,165,2/16/2022,Wikido,150,Online Shopping,Montecristi
655,311,8/29/2023,Einti,237,Dining,Palermo
656,980,11/14/2023,Tagchat,181,Utilities,Xinming
657,14,5/2/2022,Gabvine,931,Entertainment,Kimaam
658,395,8/12/2024,Omba,258,Online Shopping,Hendaye
659,799,2/19/2024,Trupe,67,Online Shopping,El Estor
660,625,1/17/2024,Wordpedia,31,Travel,Espera Feliz
661,928,8/2/2022,Lazz,203,Utilities,Columbus
662,409,3/18/2022,Thoughtbridge,811,Utilities,Lajinha
663,629,9/6/2022,Photojam,783,Groceries,Kato Pyrgos
664,876,11/11/2024,Feedspan,682,Dining,Mirriah
665,14,7/2/2024,Jaxworks,528,Utilities,Makiv
666,998,2/16/2024,Skinix,392,Entertainment,Tandel
667,827,12/21/2022,Thoughtblab,396,Entertainment,Ashibetsu
668,723,12/6/2022,Eayo,469,Online Shopping,Sumurgung
669,150,10/1/2024,Jaloo,501,Dining,Santa Maria
670,121,1/22/2023,Mycat,237,Groceries,Dazhongzhuang
671,635,7/30/2024,BlogXS,896,Online Shopping,Banjarejo
672,253,12/3/2023,Rooxo,792,Utilities,Georgīevka
673,475,8/26/2023,Zoonoodle,965,Travel,Paritaman
674,603,11/1/2023,Edgetag,204,Dining,Ciepielów
675,950,10/3/2024,Gabvine,323,Online Shopping,Shinkafe
676,220,6/18/2022,Kwimbee,800,Entertainment,Nawābganj
677,242,9/24/2023,Browseblab,282,Online Shopping,Carcassonne
678,474,2/3/2024,Zoonoodle,932,Utilities,Ōyama
679,374,7/29/2023,Thoughtsphere,171,Entertainment,Maying
680,500,2/25/2022,Kazio,11,Utilities,Sentieiras
681,692,10/29/2023,Livepath,327,Dining,Rebe
682,363,11/13/2022,Twimm,869,Travel,El Cantón
683,909,11/20/2022,Dynazzy,137,Utilities,Mymensingh
684,832,4/15/2023,Dabvine,893,Entertainment,Okotoks
685,994,3/19/2022,Wordware,570,Dining,Fovissste
686,495,5/12/2023,Yotz,324,Entertainment,Nevers
687,286,2/16/2023,Pixope,90,Dining,Nobo
688,31,7/23/2022,Fliptune,16,Dining,Hamburg
689,324,3/4/2023,Voonix,798,Travel,Burnside
690,52,11/4/2023,Aimbu,111,Groceries,Santo Ângelo
691,511,2/16/2024,Twinte,864,Utilities,Kawage
692,39,2/2/2024,Linklinks,224,Travel,Garmo
693,532,10/7/2023,Tekfly,536,Dining,Rego
694,731,6/6/2023,Yodo,69,Online Shopping,Codrington
695,228,4/10/2023,Oyope,144,Dining,Gingsir
696,67,10/13/2023,Mynte,582,Groceries,Liloy
697,125,12/17/2023,Skajo,973,Dining,Phra Pradaeng
698,306,8/1/2024,Tagopia,212,Entertainment,Gualmatán
699,157,3/13/2023,Vinte,749,Entertainment,Henghe
700,988,5/5/2022,Nlounge,593,Online Shopping,Igcocolo
701,67,11/26/2024,Demivee,835,Entertainment,Biguaçu
702,555,7/13/2022,Trudeo,109,Online Shopping,Mitrópoli
703,815,2/6/2022,Fatz,224,Utilities,La Playosa
704,573,2/8/2024,Linklinks,648,Dining,Camajuaní
705,15,12/19/2023,Jatri,436,Online Shopping,Ðà Lạt
706,731,1/18/2022,Centimia,644,Groceries,Kol’chugino
707,51,10/3/2024,Linktype,519,Dining,Maple Ridge
708,145,8/14/2023,Leexo,186,Groceries,Tuchengzi
709,894,10/11/2023,Camido,471,Dining,Matsue-shi
710,417,5/29/2022,Ailane,316,Travel,Nanping
711,659,10/5/2023,Flashpoint,378,Dining,Minshan
712,412,5/4/2023,Realcube,882,Groceries,Yanmenkou
713,748,1/27/2022,Babbleset,198,Travel,Honghualiangzi
714,482,11/8/2023,Yamia,546,Dining,Dimovo
715,421,6/3/2023,Oyoyo,290,Travel,Corona
716,90,6/8/2023,Zoonoodle,569,Entertainment,Kenyau
717,974,4/27/2024,Zoomlounge,734,Entertainment,Folques
718,733,1/1/2023,Fliptune,825,Online Shopping,Lewoduli
719,601,6/27/2024,Topicblab,515,Entertainment,Karara
720,608,11/7/2024,Avamba,163,Online Shopping,Shi’an
721,822,8/20/2023,Realbuzz,954,Utilities,Lenešice
722,711,8/18/2024,Topicblab,101,Entertainment,Newark
723,58,7/18/2023,Zoozzy,15,Entertainment,Huangbei
724,194,1/18/2023,Jatri,284,Groceries,Wangchuanchang
725,991,8/7/2022,Skimia,641,Online Shopping,Montijo
726,373,1/20/2022,Livepath,624,Utilities,Diapaga
727,942,7/25/2023,Oyoloo,337,Entertainment,Souto do Meio
728,156,1/16/2024,Mycat,376,Travel,Minas
729,490,2/3/2022,Gevee,921,Groceries,Chicago
730,927,3/29/2024,Eayo,265,Travel,Dalmatovo
731,949,8/29/2023,Mydeo,604,Utilities,Imaichi
732,525,1/23/2022,Meembee,981,Groceries,Zinat
733,920,12/10/2023,Eidel,244,Utilities,Al Jīzah
734,93,8/29/2024,Zoomzone,978,Entertainment,Buniaga
735,817,1/6/2022,Pixonyx,542,Groceries,Jonava
736,439,1/1/2024,Gigaclub,322,Utilities,Alcains
737,578,5/2/2024,Aimbu,99,Groceries,Aranyaprathet
738,847,1/7/2022,Abatz,762,Entertainment,Pásion
739,971,2/25/2023,Skinder,122,Online Shopping,Tarxien
740,875,8/26/2023,Bubblebox,3,Online Shopping,Cimanggu
741,311,4/19/2024,Skipfire,722,Travel,Itupeva
742,820,2/16/2022,Quimm,397,Entertainment,Sanchahe
743,756,7/20/2022,Skiptube,955,Utilities,Olejet
744,753,10/22/2022,Omba,639,Groceries,Nguken
745,573,8/25/2024,Roombo,896,Utilities,Longquan
746,960,3/1/2022,Bubblemix,266,Dining,Zhanqian
747,763,7/6/2023,Oyoba,615,Travel,Al Lagowa
748,754,12/31/2022,Flashpoint,762,Travel,Bidyā
749,966,8/5/2024,Bubblebox,723,Online Shopping,Igaraçu do Tietê
750,391,7/15/2023,Realbuzz,263,Online Shopping,Capim Grosso
751,195,12/8/2024,Youbridge,633,Entertainment,Xiashixiang
752,475,7/4/2023,Trudeo,498,Travel,Nová Role
753,471,12/7/2022,Flipopia,654,Utilities,Laironja
754,666,9/3/2024,Kaymbo,671,Groceries,Ina
755,79,7/22/2023,Meezzy,488,Groceries,Puerto Mayor Otaño
756,413,11/13/2023,Katz,799,Travel,Buni Yadi
757,733,3/5/2022,Devcast,592,Groceries,Meaux
758,873,7/24/2024,Skimia,635,Groceries,Pavlovsk
759,709,8/9/2024,Jamia,472,Utilities,Jankowice
760,373,2/11/2023,Dazzlesphere,762,Utilities,Adolfo Ruiz Cortines
761,234,1/28/2023,Shuffledrive,160,Dining,Cikadu
762,989,7/8/2022,Photofeed,173,Groceries,Arai
763,992,9/5/2022,Aimbo,201,Utilities,Huayllo
764,11,10/19/2023,Thoughtsphere,597,Travel,Emiliano Zapata
765,942,3/15/2024,Meedoo,238,Entertainment,Sel’tso
766,719,1/27/2024,Twitterworks,121,Entertainment,Brailiv
767,81,11/20/2024,Jabberstorm,883,Online Shopping,Tanghu
768,819,6/18/2022,Avamm,528,Dining,Yanghu
769,119,1/27/2023,Kwimbee,3,Online Shopping,Santa Maria da Feira
770,857,8/25/2022,Bubbletube,382,Groceries,Ndwedwe
771,900,1/20/2024,Demimbu,619,Dining,Zaragoza
772,113,12/5/2022,Zoovu,481,Utilities,Anār
773,916,9/19/2024,Realcube,685,Groceries,Pryazha
774,722,7/2/2022,Devshare,462,Utilities,Shreveport
775,545,3/9/2024,Voonder,205,Online Shopping,Chongjin
776,869,12/5/2022,Eidel,859,Travel,Нераште
777,656,5/6/2024,Thoughtmix,646,Entertainment,Huerta Grande
778,850,8/5/2022,Pixonyx,330,Travel,Keta
779,204,6/10/2024,Feednation,301,Dining,Prażmów
780,708,6/20/2024,Zoomlounge,948,Groceries,Kiruru
781,293,8/10/2023,Flashpoint,791,Travel,Tabant
782,234,6/3/2022,Geba,825,Travel,Mlowo
783,149,1/27/2024,Skiba,388,Groceries,Gabaldon
784,280,7/12/2023,Mybuzz,929,Travel,Angkup
785,413,10/3/2023,Fatz,298,Online Shopping,Hualong
786,520,4/6/2022,Aibox,582,Travel,Fengshan
787,537,8/7/2024,Twitterworks,402,Entertainment,Labuhanlalar
788,706,7/21/2024,Skimia,296,Groceries,Shalamzār
789,112,10/29/2022,Youbridge,920,Online Shopping,Ilo
790,488,7/2/2023,Jaxbean,905,Dining,Sayapullo
791,140,2/3/2022,Devshare,733,Online Shopping,Oematnunu
792,269,11/5/2022,Vidoo,14,Dining,El Cantón de San Pablo
793,534,12/1/2023,Oyonder,328,Entertainment,Novi Bečej
794,423,12/27/2023,Dabtype,894,Entertainment,Moppo
795,531,12/22/2022,Vinder,267,Dining,Surgut
796,279,8/28/2023,Yadel,868,Online Shopping,Risālpur
797,938,9/26/2023,Gabtype,268,Travel,Hikone
798,269,1/31/2024,Zoomzone,753,Dining,Montinho
799,587,4/30/2022,Camido,204,Dining,Paris 15
800,327,6/30/2022,Photofeed,763,Travel,Stockholm
801,766,5/17/2023,Feedmix,309,Groceries,Kobylanka
802,960,7/3/2024,Jabbersphere,301,Online Shopping,Tonggakjati
803,598,4/26/2022,Voomm,356,Entertainment,Bento Gonçalves
804,568,9/9/2024,Wordware,940,Online Shopping,Drochia
805,493,5/24/2022,Browsebug,645,Entertainment,Letuyi
806,814,3/29/2022,Photobug,129,Groceries,Huambo
807,99,3/7/2024,Lajo,439,Dining,Igurubi
808,962,12/26/2023,Yakidoo,190,Dining,Zhongcun
809,748,6/1/2022,Topiclounge,140,Entertainment,Honolulu
810,946,4/13/2024,Wikizz,426,Dining,Henan’an
811,51,10/22/2022,Wikibox,955,Utilities,Chachagüí
812,902,10/26/2024,Wikibox,426,Travel,Kushar
813,254,11/10/2023,InnoZ,452,Dining,Babakansalam
814,671,2/21/2024,Quinu,164,Utilities,Tanggulangin
815,703,7/29/2023,Gabvine,949,Utilities,Pyshchug
816,916,1/11/2023,Tagopia,124,Groceries,Jajce
817,409,7/23/2023,Thoughtstorm,275,Groceries,Zhongying
818,585,10/20/2022,Vimbo,896,Utilities,Tsuma
819,49,6/10/2024,LiveZ,514,Entertainment,Digkilaan
820,884,7/6/2022,Blogtag,264,Dining,Aubagne
821,386,7/24/2023,Skyndu,444,Utilities,Kālābāgh
822,223,7/9/2023,BlogXS,49,Groceries,Sundsvall
823,220,10/3/2022,Brainverse,609,Utilities,Puzi
824,748,5/4/2024,Ozu,431,Online Shopping,Duotian
825,165,8/27/2022,Voonix,262,Groceries,Fengsheng
826,509,2/17/2022,Vinte,278,Online Shopping,Limboto
827,208,10/20/2022,Avamba,438,Online Shopping,Miura
828,641,8/31/2024,Blogpad,883,Groceries,Ambositra
829,986,12/13/2024,Flipbug,113,Online Shopping,Chandra
830,294,3/12/2023,Browsezoom,598,Entertainment,Standerton
831,462,1/5/2023,Skajo,379,Travel,Bussum
832,551,6/18/2022,Skiba,783,Utilities,Vallentuna
833,591,12/30/2024,Topicstorm,235,Entertainment,Kuje
834,37,12/11/2023,Shufflester,979,Groceries,Milano
835,986,3/31/2024,Vidoo,905,Online Shopping,Pouso Alegre
836,695,10/20/2024,Roodel,489,Entertainment,Itaperuçu
837,762,12/12/2023,Realcube,623,Online Shopping,Peshtera
838,698,9/5/2022,Avamba,38,Entertainment,Shishan
839,909,10/16/2024,Bubblebox,999,Groceries,Konispol
840,687,7/10/2024,Rhynyx,640,Dining,Svetlograd
841,175,2/20/2024,Agivu,485,Dining,Nyrob
842,58,4/9/2022,Photofeed,38,Groceries,Jamao al Norte
843,168,6/22/2023,Fiveclub,869,Travel,Tinambacan
844,935,9/1/2022,Devshare,63,Online Shopping,Sarankhola
845,318,3/26/2024,Livefish,703,Travel,Lekas
846,564,3/8/2022,Blogtags,742,Online Shopping,Galveias
847,12,7/3/2023,Livetube,550,Groceries,"Laikit, Laikit II (Dimembe)"
848,865,1/14/2023,Centizu,208,Travel,Xintian
849,577,12/10/2023,Buzzdog,906,Dining,Kurchatov
850,166,3/4/2023,Kwimbee,868,Entertainment,Dayangzhou
851,852,1/15/2024,Roodel,517,Travel,Headlands
852,697,11/25/2024,Flashset,420,Utilities,Mugan
853,58,3/21/2024,Divavu,265,Dining,Bududa
854,193,10/27/2024,Innojam,299,Entertainment,Tarbes
855,489,2/25/2024,Voolia,467,Travel,Kingston
856,885,12/27/2022,Omba,851,Utilities,Oibioin
857,277,6/15/2023,Kimia,196,Groceries,Xinjia
858,384,1/15/2023,Edgeclub,873,Travel,Aguiar da Beira
859,223,6/16/2022,Jabbercube,663,Entertainment,Solosolo
860,857,3/25/2024,Midel,29,Groceries,Potok Złoty
861,830,6/4/2023,Plajo,880,Groceries,Catamayo
862,873,7/31/2023,BlogXS,907,Groceries,Atafu Village
863,49,7/14/2023,Tekfly,279,Dining,Van Nuys
864,889,1/14/2022,Aimbo,467,Groceries,Uvira
865,443,12/24/2022,Shuffletag,611,Travel,Campaka
866,422,1/30/2022,Browsecat,553,Travel,Bardīyah
867,701,6/24/2022,Devpulse,615,Entertainment,Mingoyo
868,173,1/8/2025,Ozu,118,Online Shopping,Higuerote
869,600,1/8/2025,Skajo,738,Entertainment,Anyang
870,824,3/26/2022,Bluezoom,765,Online Shopping,Tsurusaki
871,616,6/24/2024,Ntag,719,Utilities,Sihe
872,825,3/26/2024,Flashset,346,Utilities,Seara
873,641,4/2/2022,Thoughtstorm,142,Groceries,Halayhayin
874,784,6/16/2024,Skivee,889,Utilities,Zaqatala
875,286,2/1/2022,LiveZ,952,Entertainment,Lete
876,167,6/9/2022,Zooxo,618,Utilities,Cangchang
877,991,7/10/2022,Trudoo,746,Dining,Akouda
878,461,9/7/2024,Roomm,686,Online Shopping,Pyt-Yakh
879,622,6/16/2022,Bubbletube,563,Dining,Mar’’ina Horka
880,875,2/8/2022,Nlounge,605,Entertainment,Jelah
881,830,1/5/2024,Skinte,984,Entertainment,Anaheim
882,365,8/30/2022,Mydo,109,Groceries,Särkisalo
883,892,6/24/2022,Jaxworks,757,Groceries,Sumberagung
884,390,5/6/2023,Zoomzone,119,Dining,Greenville
885,83,3/25/2024,Photojam,657,Travel,Yangambi
886,830,8/2/2022,Midel,114,Travel,Xiashu
887,375,7/11/2024,Skippad,827,Groceries,Daqingshan
888,188,1/20/2024,Demivee,986,Utilities,Kihniö
889,685,8/7/2024,Innotype,211,Travel,Vostryakovo
890,941,6/21/2023,Dabfeed,786,Online Shopping,Destrnik
891,830,8/29/2023,InnoZ,354,Utilities,Mthatha
892,229,9/30/2023,Realcube,808,Groceries,Banjarsari
893,702,3/25/2024,Oyoba,801,Dining,Mullovka
894,241,2/7/2023,Yoveo,284,Online Shopping,Guaíra
895,158,9/14/2022,Edgeify,556,Dining,Tiannan
896,689,2/22/2022,Kwimbee,557,Utilities,Pirapozinho
897,583,6/20/2023,Vimbo,541,Dining,Panawuan
898,379,5/30/2022,Yombu,755,Travel,Klau
899,229,7/28/2022,Kazu,121,Groceries,Chuanbu
900,188,11/16/2022,Devpulse,123,Travel,Verdun
901,297,1/26/2024,Yodoo,845,Utilities,Levallois-Perret
902,9,2/3/2022,Jatri,286,Groceries,Linshui
903,826,10/8/2022,Yamia,442,Groceries,Seredka
904,529,3/8/2023,Yambee,36,Utilities,Ronglong
905,344,1/10/2023,Mymm,351,Travel,Nkpor
906,127,12/29/2023,Zazio,482,Online Shopping,Poctol
907,915,3/3/2023,Babbleopia,105,Groceries,Hīsh
908,225,8/24/2022,Quinu,926,Dining,Delodpeken
909,776,1/3/2023,Pixonyx,331,Travel,Santa
910,294,4/9/2022,Vinte,746,Online Shopping,Songshan
911,628,11/18/2023,Jaxworks,895,Dining,Samajie Ewenkeminzu
912,55,8/13/2024,Yamia,418,Entertainment,Balin
913,110,8/14/2023,Fadeo,206,Dining,Simapu
914,719,11/19/2024,Skidoo,602,Dining,Chirkey
915,747,3/21/2024,Zoovu,930,Dining,Všetaty
916,35,2/10/2024,Yombu,683,Travel,Chengtian
917,183,7/5/2024,Skimia,566,Entertainment,Qiucun
918,147,4/28/2022,Realcube,476,Groceries,Bitin
919,510,4/23/2024,Jabbersphere,231,Entertainment,Dob
920,114,4/22/2022,Eimbee,319,Online Shopping,La Cumbre
921,366,12/5/2023,Photobug,296,Online Shopping,Taling
922,893,3/7/2024,Brightdog,447,Online Shopping,Ciawitali
923,172,6/30/2024,Yakidoo,443,Entertainment,Plandi
924,958,11/29/2022,Youtags,802,Groceries,Chatian
925,69,2/6/2023,Yacero,199,Groceries,Shaoxing
926,826,4/23/2022,Zoonoodle,354,Utilities,Bamban
927,546,6/30/2024,Izio,841,Entertainment,Gradići
928,93,2/2/2022,Eidel,155,Online Shopping,Shuigou
929,807,6/23/2022,Skalith,801,Dining,Bolong
930,269,1/22/2022,Fiveclub,881,Groceries,Shangying
931,62,10/1/2024,Gabvine,945,Utilities,Tacoma
932,563,11/18/2022,Buzzster,7,Dining,Hokor
933,913,5/19/2024,Mydeo,824,Online Shopping,Kedungringin
934,633,6/1/2022,Photobean,34,Online Shopping,Shorapani
935,131,9/25/2024,LiveZ,502,Online Shopping,Galubakul
936,151,2/24/2024,Babbleblab,968,Utilities,Achoma
937,781,11/4/2024,Browsedrive,595,Groceries,Huayang
938,679,11/22/2024,Skyba,565,Groceries,Khāngāh Dogrān
939,471,12/14/2022,Skyba,681,Online Shopping,Linköping
940,437,3/17/2022,Quimba,631,Travel,Siqian
941,184,11/18/2024,Tekfly,3,Groceries,Maindang
942,756,7/28/2024,DabZ,47,Utilities,Khagrachhari
943,118,7/20/2024,Ainyx,460,Dining,Kyzyldzhar
944,140,2/19/2023,Roomm,295,Groceries,Gabi
945,981,1/3/2022,Linkbuzz,761,Utilities,Socorro
946,54,6/12/2023,Photobug,708,Entertainment,Joinville
947,408,8/23/2022,Yombu,402,Travel,Jiekou
948,526,11/1/2022,Flipstorm,825,Travel,Néa Karváli
949,209,12/28/2023,Browsebug,227,Utilities,Łomża
950,780,8/14/2023,Jaxnation,927,Travel,Lang Suan
951,586,7/14/2022,Fadeo,245,Travel,Port Louis
952,927,6/4/2022,Skyble,243,Online Shopping,Novhorod-Sivers’kyy
953,625,7/11/2024,Babbleblab,210,Groceries,Nanyang
954,651,8/1/2022,Omba,350,Dining,Inayauan
955,499,9/25/2023,Dabshots,67,Utilities,Pangkungparuk
956,677,5/13/2023,Browsecat,65,Entertainment,Napanee Downtown
957,790,12/25/2024,Zoovu,130,Entertainment,El Escanito
958,6,10/23/2024,Blognation,640,Utilities,Châtillon
959,120,7/19/2023,Chatterpoint,136,Dining,Antopal’
960,414,6/26/2024,Skiba,68,Utilities,Luohe
961,899,1/4/2025,Zooveo,620,Travel,Changshan
962,61,9/7/2024,Yakitri,147,Groceries,Šumperk
963,896,6/29/2024,Lazzy,600,Entertainment,Luqa
964,221,8/27/2023,Pixoboo,760,Dining,Bomadi
965,623,3/14/2023,Wordtune,331,Utilities,Metsovo
966,711,6/3/2023,Topiclounge,599,Travel,Arroyo Naranjo
967,160,12/31/2024,Ntags,546,Entertainment,Jijiang
968,464,5/18/2023,Yata,447,Travel,Khasavyurt
969,160,11/16/2023,Jabberstorm,287,Entertainment,Hulei
970,984,10/25/2022,Aimbo,479,Groceries,Fundación
971,486,2/28/2024,Kimia,737,Entertainment,Siikainen
972,326,8/12/2023,Roodel,689,Entertainment,Yujia
973,260,4/25/2024,Devpulse,915,Travel,Nandu
974,832,6/4/2023,Voonder,427,Dining,Moanemani
975,880,1/22/2023,Meemm,781,Dining,Benito Juarez
976,691,8/22/2024,Quatz,607,Groceries,Rosais
977,743,10/1/2024,Plambee,141,Dining,Columbus
978,175,10/1/2024,Devcast,770,Online Shopping,Shchelkovo
979,87,8/25/2022,Yamia,557,Travel,Utajärvi
980,740,1/6/2025,Skipstorm,811,Online Shopping,Gif-sur-Yvette
981,131,7/3/2022,Meemm,628,Entertainment,Krasnyy Yar
982,537,7/20/2023,Roomm,123,Groceries,Arnprior
983,509,6/9/2024,Kazu,732,Utilities,Sepīdān
984,763,1/30/2023,Digitube,947,Entertainment,Colonia Catuete
985,218,8/15/2022,Pixope,221,Entertainment,Sibulan
986,680,12/1/2022,Ailane,541,Online Shopping,Lindavista
987,213,11/9/2022,Riffpath,531,Travel,Changpu
988,634,11/20/2024,Gabtype,425,Travel,Kadurahayu
989,436,12/28/2022,Tagchat,339,Groceries,Azor
990,96,9/11/2022,Ntag,258,Entertainment,Carleton-sur-Mer
991,450,2/19/2024,Devpulse,232,Online Shopping,Kastornoye
992,272,5/5/2023,Zoombeat,353,Dining,Sarilhos Grandes
993,315,1/4/2022,Dynazzy,361,Entertainment,Caetité
994,826,7/23/2023,Fatz,365,Travel,Oslo
995,274,7/22/2023,Einti,164,Utilities,Socota
996,421,10/17/2024,Twitternation,997,Online Shopping,Suru
997,408,4/5/2023,Voomm,523,Utilities,Pniewy
998,188,4/9/2023,Vimbo,481,Travel,Zadvorsko
999,19,12/13/2024,InnoZ,580,Utilities,Adiwerna
1000,967,7/31/2022,Tazz,870,Utilities,Ziniaré
